Session Information:,,,,Device Information:,,,,Oarlock Information:,,,,Oarlock Settings:

Name:,JustGo-4404M,,,Name:,MBaker 3 seat,,,Firmware:,001.01,,,Boat ID:,BAKER
Start Time:,04/10/18 04:51pm,,,Model:,SpeedCoach GPS Pro,,,,,,,Seat Number:,3
Type:,Just Go,,,Serial:,2279984,,,,,,,Port Starboard:,Port
System of Units:,Meters/Split500,,,Firmware Version:,2.17,,,,,,,Oar Length:,376
Speed Input:,GPS,,,Profile Version:,0.02,,,,,,,Inboard Length:,113
,,,,Hardware Version:,Rev 11
,,,,LiNK Version:,1.30


Session Summary:

Total Intervals,Total Distance (GPS),Total Distance (IMP),Total Elapsed Time,Avg Split (GPS),Avg Speed (GPS),Avg Split (IMP),Avg Speed (IMP),Avg Stroke Rate,Total Strokes,Distance/Stroke (GPS),Distance/Stroke (IMP),Avg Heart Rate,Avg Power,Avg Catch,Avg Slip,Avg Finish,Avg Wash,Avg Force Avg,Avg Work,Avg Force Max,Avg Max Force Angle,Start GPS Lat.,Start GPS Lon.
(Interval),(Meters),(Meters),(HH:MM:SS.tenths),(/500),(M/S),(/500),(M/S),(SPM),(Strokes),(Meters),(Meters),(BPM),(Watts),(Degrees),(Degrees),(Degrees),(Degrees),(Newtons),(Joules),(Newtons),(Degrees),(Degrees),(Degrees)
1,4404.9,0.0,00:14:29.0,00:01:38.8,5.06,00:00:00.0,0.00,31.5,427,10.3,0.0,---,255,-56,10,32,15,238,468,531,-10,41.86684620,-71.37971840


Interval Summaries:

Interval,Total Distance (GPS),Total Distance (IMP),Total Elapsed Time,Avg Split (GPS),Avg Speed (GPS),Avg Split (IMP),Avg Speed (IMP),Avg Stroke Rate,Total Strokes,Distance/Stroke (GPS),Distance/Stroke (IMP),Avg Heart Rate,Avg Power,Avg Catch,Avg Slip,Avg Finish,Avg Wash,Avg Force Avg,Avg Work,Avg Force Max,Avg Max Force Angle,Start GPS Lat.,Start GPS Lon.
(Interval),(Meters),(Meters),(HH:MM:SS.tenths),(/500),(M/S),(/500),(M/S),(SPM),(Strokes),(Meters),(Meters),(BPM),(Watts),(Degrees),(Degrees),(Degrees),(Degrees),(Newtons),(Joules),(Newtons),(Degrees),(Degrees),(Degrees)
1,4404.9,0.0,00:14:29.0,00:01:38.8,5.06,00:00:00.0,0.00,31.5,427,10.3,0.0,---,255,-56,10,32,15,238,468,531,-10,41.86684620,-71.37971840



Per-Stroke Data:

Interval,Distance (GPS),Distance (IMP),Elapsed Time,Split (GPS),Speed (GPS),Split (IMP),Speed (IMP),Stroke Rate,Total Strokes,Distance/Stroke (GPS),Distance/Stroke (IMP),Heart Rate,Power,Catch,Slip,Finish,Wash,Force Avg,Work,Force Max,Max Force Angle,GPS Lat.,GPS Lon.
(Interval),(Meters),(Meters),(HH:MM:SS.tenths),(/500),(M/S),(/500),(M/S),(SPM),(Strokes),(Meters),(Meters),(BPM),(Watts),(Degrees),(Degrees),(Degrees),(Degrees),(Newtons),(Joules),(Newtons),(Degrees),(Degrees),(Degrees)
1,8.3,0.0,00:00:02.8,00:04:25.9,1.88,00:00:00.0,0.00,22.0,1,8.3,0.0,---,190,-55,10,32,12,269,501,585,-9,41.86684620,-71.37971840
1,---,---,---,---,---,---,---,---,1,---,---,---,170,-52,10,32,13,269,468,581,-8,---,---
1,18.6,0.0,00:00:05.3,00:02:27.4,3.39,00:00:00.0,0.00,22.5,2,10.4,0.0,---,184,-56,14,33,12,251,478,585,-7,41.86675580,-71.37968870
1,30.0,0.0,00:00:08.0,00:02:04.3,4.02,00:00:00.0,0.00,23.0,3,11.4,0.0,---,236,-60,7,32,11,301,598,620,-12,41.86665700,-71.37965460
1,40.4,0.0,00:00:10.4,00:01:54.6,4.36,00:00:00.0,0.00,24.0,4,10.4,0.0,---,231,-58,7,33,12,289,572,645,-13,41.86656600,-71.37962540
1,53.4,0.0,00:00:13.0,00:01:47.7,4.64,00:00:00.0,0.00,24.0,5,13.0,0.0,---,213,-59,9,32,13,271,531,620,-12,41.86645180,-71.37959050
1,65.3,0.0,00:00:15.4,00:01:44.8,4.77,00:00:00.0,0.00,24.5,6,11.8,0.0,---,243,-59,8,32,12,296,576,659,-14,41.86634860,-71.37955670
1,77.2,0.0,00:00:17.8,00:01:43.5,4.83,00:00:00.0,0.00,25.5,7,11.9,0.0,---,258,-59,7,32,11,313,620,669,-12,41.86624460,-71.37952230
1,86.7,0.0,00:00:19.6,00:01:40.6,4.97,00:00:00.0,0.00,29.5,8,9.6,0.0,---,340,-61,8,33,9,363,670,706,-13,41.86616060,-71.37949790
1,97.5,0.0,00:00:21.6,00:01:35.9,5.21,00:00:00.0,0.00,32.5,9,10.8,0.0,---,405,-58,3,34,11,377,722,755,-15,41.86606580,-71.37947150
1,106.7,0.0,00:00:23.2,00:01:31.7,5.45,00:00:00.0,0.00,35.0,10,9.2,0.0,---,425,-59,4,34,13,385,706,762,-13,41.86598530,-71.37944870
1,116.3,0.0,00:00:24.8,00:01:28.1,5.67,00:00:00.0,0.00,37.0,11,9.6,0.0,---,421,-59,5,34,11,361,690,738,-14,41.86590120,-71.37942370
1,126.8,0.0,00:00:26.6,00:01:26.3,5.79,00:00:00.0,0.00,35.0,12,10.6,0.0,---,404,-60,6,33,10,357,703,770,-12,41.86580840,-71.37939630
1,136.8,0.0,00:00:28.4,00:01:24.7,5.90,00:00:00.0,0.00,32.0,13,10.0,0.0,---,376,-60,6,33,11,347,681,736,-13,41.86572090,-71.37936990
1,148.9,0.0,00:00:30.2,00:01:20.9,6.18,00:00:00.0,0.00,33.5,14,12.1,0.0,---,379,-60,7,34,11,358,667,741,-14,41.86561420,-71.37934200
1,159.8,0.0,00:00:32.0,00:01:21.5,6.13,00:00:00.0,0.00,33.5,15,10.9,0.0,---,363,-60,7,33,12,334,661,747,-12,41.86551900,-71.37931180
1,171.7,0.0,00:00:34.0,00:01:23.6,5.98,00:00:00.0,0.00,32.0,16,11.9,0.0,---,331,-60,8,34,11,314,637,713,-13,41.86541530,-71.37927630
1,182.6,0.0,00:00:35.8,00:01:24.3,5.93,00:00:00.0,0.00,31.0,17,10.9,0.0,---,338,-58,8,34,12,328,632,725,-14,41.86532030,-71.37924410
1,193.4,0.0,00:00:37.6,00:01:24.7,5.90,00:00:00.0,0.00,32.0,18,10.7,0.0,---,335,-60,7,34,12,312,637,714,-12,41.86522670,-71.37921250
1,205.2,0.0,00:00:39.6,00:01:23.7,5.97,00:00:00.0,0.00,32.0,19,11.8,0.0,---,333,-58,7,34,13,320,616,712,-12,41.86512360,-71.37917920
1,216.1,0.0,00:00:41.4,00:01:24.1,5.94,00:00:00.0,0.00,31.0,20,10.9,0.0,---,316,-59,7,34,13,308,603,660,-12,41.86502870,-71.37914870
1,226.9,0.0,00:00:43.4,00:01:24.6,5.91,00:00:00.0,0.00,32.0,21,10.8,0.0,---,326,-59,7,34,13,299,612,694,-12,41.86493400,-71.37911970
1,238.6,0.0,00:00:45.2,00:01:23.8,5.96,00:00:00.0,0.00,32.0,22,11.7,0.0,---,338,-60,7,34,11,324,635,683,-12,41.86483180,-71.37908610
1,249.2,0.0,00:00:47.0,00:01:24.3,5.93,00:00:00.0,0.00,32.0,23,10.6,0.0,---,315,-58,7,34,14,299,589,704,-11,41.86473870,-71.37905670
1,260.7,0.0,00:00:49.0,00:01:25.4,5.85,00:00:00.0,0.00,31.0,24,11.5,0.0,---,319,-58,7,33,12,309,602,675,-15,41.86463820,-71.37902560
1,271.4,0.0,00:00:50.8,00:01:26.5,5.78,00:00:00.0,0.00,32.0,25,10.7,0.0,---,320,-59,7,35,13,317,608,700,-12,41.86454430,-71.37899790
1,282.0,0.0,00:00:52.6,00:01:26.5,5.78,00:00:00.0,0.00,32.0,26,10.6,0.0,---,319,-59,8,35,16,306,594,689,-13,41.86445160,-71.37896920
1,293.6,0.0,00:00:54.6,00:01:25.1,5.87,00:00:00.0,0.00,32.0,27,11.6,0.0,---,318,-59,7,35,14,305,595,699,-12,41.86434990,-71.37893780
1,304.3,0.0,00:00:56.4,00:01:25.3,5.86,00:00:00.0,0.00,32.0,28,10.7,0.0,---,298,-59,9,34,14,295,554,660,-10,41.86425700,-71.37890610
1,314.9,0.0,00:00:58.4,00:01:25.4,5.85,00:00:00.0,0.00,31.0,29,10.6,0.0,---,315,-58,7,34,14,314,596,679,-14,41.86416430,-71.37887580
1,326.5,0.0,00:01:00.2,00:01:24.7,5.90,00:00:00.0,0.00,32.0,30,11.6,0.0,---,289,-58,7,33,15,282,547,642,-13,41.86406310,-71.37884450
1,339.0,0.0,00:01:02.4,00:01:25.9,5.82,00:00:00.0,0.00,29.5,31,12.5,0.0,---,200,-58,10,33,15,204,418,467,-12,41.86395400,-71.37880770
1,349.2,0.0,00:01:04.4,00:01:28.3,5.66,00:00:00.0,0.00,28.5,32,10.2,0.0,---,181,-59,11,33,14,185,388,420,-3,41.86386530,-71.37877530
1,361.7,0.0,00:01:06.6,00:01:31.7,5.45,00:00:00.0,0.00,27.5,33,12.5,0.0,---,190,-59,10,34,16,212,424,504,-11,41.86375710,-71.37873630
1,372.8,0.0,00:01:08.8,00:01:36.3,5.19,00:00:00.0,0.00,27.5,34,11.1,0.0,---,213,-59,9,33,17,228,460,533,-12,41.86366030,-71.37870330
1,383.9,0.0,00:01:11.0,00:01:39.0,5.05,00:00:00.0,0.00,27.5,35,11.1,0.0,---,219,-60,8,33,17,241,484,557,-12,41.86356380,-71.37866940
1,394.2,0.0,00:01:13.0,00:01:39.2,5.04,00:00:00.0,0.00,28.5,36,10.3,0.0,---,325,-60,6,34,12,325,653,703,-12,41.86347430,-71.37863790
1,404.0,0.0,00:01:14.8,00:01:38.0,5.10,00:00:00.0,0.00,32.0,37,9.8,0.0,---,348,-59,5,34,13,340,644,716,-14,41.86338970,-71.37860630
1,414.2,0.0,00:01:16.6,00:01:33.2,5.36,00:00:00.0,0.00,32.0,38,10.3,0.0,---,367,-60,7,33,11,337,646,685,-12,41.86330100,-71.37857320
1,424.7,0.0,00:01:18.4,00:01:27.4,5.72,00:00:00.0,0.00,33.5,39,10.4,0.0,---,346,-59,6,34,14,308,616,682,-12,41.86321040,-71.37854040
1,435.4,0.0,00:01:20.2,00:01:26.2,5.80,00:00:00.0,0.00,35.0,40,10.7,0.0,---,320,-58,7,35,15,298,558,632,-11,41.86311760,-71.37850840
1,446.2,0.0,00:01:22.0,00:01:25.6,5.84,00:00:00.0,0.00,33.5,41,10.8,0.0,---,333,-59,7,34,13,307,594,680,-15,41.86302340,-71.37847560
1,456.9,0.0,00:01:23.8,00:01:24.0,5.95,00:00:00.0,0.00,33.5,42,10.7,0.0,---,334,-58,7,33,11,276,587,644,-12,41.86293040,-71.37844450
1,465.6,0.0,00:01:25.4,00:01:23.1,6.01,00:00:00.0,0.00,34.0,43,8.8,0.0,---,333,-59,7,34,13,296,579,669,-13,41.86285410,-71.37841940
1,477.5,0.0,00:01:27.2,00:01:21.6,6.12,00:00:00.0,0.00,35.0,44,11.9,0.0,---,336,-58,6,34,13,296,584,637,-11,41.86275000,-71.37838430
1,488.4,0.0,00:01:29.0,00:01:21.6,6.12,00:00:00.0,0.00,33.5,45,10.9,0.0,---,309,-57,6,34,14,271,542,657,-11,41.86265510,-71.37835190
1,499.2,0.0,00:01:30.8,00:01:22.5,6.06,00:00:00.0,0.00,33.5,46,10.8,0.0,---,316,-59,6,35,14,292,572,609,-12,41.86256110,-71.37832060
1,509.7,0.0,00:01:32.6,00:01:23.7,5.97,00:00:00.0,0.00,33.5,47,10.5,0.0,---,303,-58,8,34,13,276,537,629,-12,41.86246930,-71.37829050
1,519.6,0.0,00:01:34.4,00:01:24.3,5.93,00:00:00.0,0.00,32.5,48,9.9,0.0,---,308,-59,8,34,15,283,562,619,-14,41.86238320,-71.37826120
1,531.1,0.0,00:01:36.2,00:01:23.3,6.00,00:00:00.0,0.00,33.5,49,11.4,0.0,---,310,-58,8,35,15,288,556,676,-13,41.86228340,-71.37822870
1,541.9,0.0,00:01:38.0,00:01:23.8,5.96,00:00:00.0,0.00,33.5,50,10.9,0.0,---,308,-58,8,35,12,292,558,638,-10,41.86218890,-71.37819690
1,552.9,0.0,00:01:39.8,00:01:23.7,5.97,00:00:00.0,0.00,33.5,51,11.0,0.0,---,329,-59,7,35,14,298,592,662,-13,41.86209330,-71.37816470
1,563.6,0.0,00:01:41.6,00:01:23.6,5.98,00:00:00.0,0.00,33.5,52,10.7,0.0,---,320,-58,7,35,13,299,571,659,-12,41.86200030,-71.37813310
1,573.2,0.0,00:01:43.4,00:01:24.1,5.94,00:00:00.0,0.00,32.0,53,9.6,0.0,---,323,-60,7,33,13,290,585,644,-13,41.86191620,-71.37810600
1,584.7,0.0,00:01:45.2,00:01:23.6,5.98,00:00:00.0,0.00,33.5,54,11.5,0.0,---,307,-59,7,34,14,273,556,631,-12,41.86181620,-71.37807230
1,595.4,0.0,00:01:47.0,00:01:24.8,5.89,00:00:00.0,0.00,33.5,55,10.8,0.0,---,313,-59,7,35,15,285,554,623,-12,41.86172230,-71.37804260
1,606.1,0.0,00:01:48.8,00:01:25.1,5.87,00:00:00.0,0.00,33.5,56,10.7,0.0,---,302,-59,9,35,14,277,545,616,-11,41.86162870,-71.37801130
1,616.7,0.0,00:01:50.6,00:01:24.7,5.90,00:00:00.0,0.00,32.0,57,10.6,0.0,---,303,-58,7,35,15,276,545,620,-11,41.86153640,-71.37798160
1,626.6,0.0,00:01:52.4,00:01:24.8,5.89,00:00:00.0,0.00,33.5,58,9.9,0.0,---,302,-58,8,34,13,277,547,628,-10,41.86145010,-71.37795480
1,638.1,0.0,00:01:54.2,00:01:23.1,6.01,00:00:00.0,0.00,33.5,59,11.5,0.0,---,285,-59,9,34,13,256,516,563,-10,41.86134930,-71.37792190
1,649.6,0.0,00:01:56.2,00:01:24.1,5.94,00:00:00.0,0.00,31.0,60,11.5,0.0,---,186,-57,12,34,17,178,367,425,-9,41.86124870,-71.37789030
1,660.7,0.0,00:01:58.4,00:01:27.8,5.69,00:00:00.0,0.00,28.5,61,11.1,0.0,---,149,-58,14,32,17,160,311,337,-8,41.86115230,-71.37785810
1,672.3,0.0,00:02:00.4,00:01:31.0,5.49,00:00:00.0,0.00,28.5,62,11.6,0.0,---,181,-58,11,33,15,197,392,457,-8,41.86105120,-71.37782390
1,682.8,0.0,00:02:02.4,00:01:35.4,5.24,00:00:00.0,0.00,28.5,63,10.5,0.0,---,192,-58,10,33,16,211,415,476,-10,41.86095960,-71.37779440
1,693.1,0.0,00:02:04.5,00:01:38.2,5.09,00:00:00.0,0.00,28.5,64,10.3,0.0,---,198,-58,8,33,15,214,417,486,-11,41.86086970,-71.37776390
1,703.9,0.0,00:02:06.6,00:01:37.6,5.12,00:00:00.0,0.00,28.5,65,10.8,0.0,---,278,-59,8,32,13,295,554,630,-11,41.86077520,-71.37773530
1,713.5,0.0,00:02:08.4,00:01:37.4,5.13,00:00:00.0,0.00,32.0,66,9.7,0.0,---,311,-58,7,33,13,298,576,664,-14,41.86069060,-71.37770930
1,723.5,0.0,00:02:10.4,00:01:35.0,5.26,00:00:00.0,0.00,33.5,67,10.0,0.0,---,316,-58,7,33,14,283,560,645,-13,41.86060370,-71.37768120
1,733.9,0.0,00:02:12.0,00:01:30.0,5.55,00:00:00.0,0.00,35.0,68,10.4,0.0,---,302,-58,6,33,14,268,523,581,-13,41.86051280,-71.37765360
1,743.1,0.0,00:02:13.6,00:01:28.1,5.67,00:00:00.0,0.00,33.5,69,9.3,0.0,---,306,-58,7,33,12,271,533,602,-12,41.86043150,-71.37762920
1,753.7,0.0,00:02:15.4,00:01:26.6,5.77,00:00:00.0,0.00,34.0,70,10.5,0.0,---,306,-57,6,33,14,272,529,631,-15,41.86033900,-71.37760150
1,764.4,0.0,00:02:17.2,00:01:26.0,5.81,00:00:00.0,0.00,35.0,71,10.8,0.0,---,316,-59,7,34,15,276,541,610,-13,41.86024500,-71.37757160
1,775.3,0.0,00:02:19.0,00:01:25.1,5.87,00:00:00.0,0.00,35.0,72,10.8,0.0,---,312,-59,7,32,14,285,543,622,-16,41.86015020,-71.37754320
1,785.0,0.0,00:02:20.6,00:01:24.0,5.95,00:00:00.0,0.00,33.5,73,9.8,0.0,---,264,-57,8,33,13,241,466,544,-10,41.86006430,-71.37751790
1,794.6,0.0,00:02:22.4,00:01:24.6,5.91,00:00:00.0,0.00,32.5,74,9.5,0.0,---,292,-59,7,34,15,271,532,596,-15,41.85998120,-71.37749100
1,807.3,0.0,00:02:24.4,00:01:23.8,5.96,00:00:00.0,0.00,33.5,75,12.7,0.0,---,281,-58,8,33,14,248,521,631,-11,41.85986970,-71.37745760
1,817.9,0.0,00:02:26.2,00:01:24.6,5.91,00:00:00.0,0.00,32.0,76,10.7,0.0,---,283,-58,10,34,15,254,510,605,-12,41.85977640,-71.37742840
1,828.5,0.0,00:02:28.0,00:01:25.7,5.83,00:00:00.0,0.00,33.5,77,10.6,0.0,---,283,-58,9,33,13,252,524,630,-13,41.85968390,-71.37739970
1,839.0,0.0,00:02:29.8,00:01:26.0,5.81,00:00:00.0,0.00,33.5,78,10.5,0.0,---,284,-58,9,33,13,253,505,591,-11,41.85959220,-71.37737110
1,848.8,0.0,00:02:31.5,00:01:25.7,5.83,00:00:00.0,0.00,32.0,79,9.8,0.0,---,280,-58,8,34,14,257,513,584,-11,41.85950660,-71.37734400
1,860.2,0.0,00:02:33.4,00:01:24.4,5.92,00:00:00.0,0.00,32.0,80,11.4,0.0,---,299,-59,8,33,12,273,544,598,-11,41.85940680,-71.37731300
1,870.8,0.0,00:02:35.2,00:01:25.9,5.82,00:00:00.0,0.00,33.5,81,10.6,0.0,---,289,-58,8,34,13,262,523,609,-12,41.85931400,-71.37728480
1,881.3,0.0,00:02:37.0,00:01:26.8,5.76,00:00:00.0,0.00,32.0,82,10.5,0.0,---,286,-59,9,34,15,263,524,604,-11,41.85922190,-71.37725700
1,891.8,0.0,00:02:38.8,00:01:26.6,5.77,00:00:00.0,0.00,33.5,83,10.5,0.0,---,290,-58,8,34,15,263,525,629,-12,41.85912990,-71.37722760
1,902.4,0.0,00:02:40.6,00:01:26.3,5.79,00:00:00.0,0.00,32.0,84,10.6,0.0,---,284,-58,8,35,14,259,514,586,-13,41.85903690,-71.37719860
1,914.0,0.0,00:02:42.6,00:01:24.4,5.92,00:00:00.0,0.00,33.5,85,11.5,0.0,---,279,-59,9,34,15,247,516,594,-12,41.85893600,-71.37716810
1,924.5,0.0,00:02:44.4,00:01:25.0,5.88,00:00:00.0,0.00,32.0,86,10.5,0.0,---,295,-59,9,34,14,264,528,615,-10,41.85884390,-71.37713780
1,934.8,0.0,00:02:46.4,00:01:25.7,5.83,00:00:00.0,0.00,33.5,87,10.3,0.0,---,279,-59,8,33,13,255,505,577,-14,41.85875400,-71.37710790
1,946.1,0.0,00:02:48.2,00:01:26.9,5.75,00:00:00.0,0.00,31.0,88,11.3,0.0,---,57,-55,42,33,33,60,120,149,-6,41.85865500,-71.37707560
1,957.5,0.0,00:02:50.4,00:01:31.4,5.47,00:00:00.0,0.00,26.5,89,11.4,0.0,---,46,-53,---,32,---,54,107,128,-6,41.85855560,-71.37704410
1,968.0,0.0,00:02:52.6,00:01:39.2,5.04,00:00:00.0,0.00,25.5,90,10.5,0.0,---,63,-53,34,32,25,80,150,189,-4,41.85846410,-71.37701310
1,979.5,0.0,00:02:55.4,00:01:47.0,4.67,00:00:00.0,0.00,25.5,91,11.5,0.0,---,64,-55,30,34,28,83,160,177,-4,41.85836370,-71.37698160
1,989.5,0.0,00:02:57.6,00:01:54.6,4.36,00:00:00.0,0.00,24.0,92,10.0,0.0,---,55,-52,35,31,27,75,138,177,-3,41.85827590,-71.37695810
1,1000.3,0.0,00:03:00.4,00:02:04.0,4.03,00:00:00.0,0.00,22.0,93,10.9,0.0,---,67,-54,25,32,21,107,183,205,-8,41.85817960,-71.37693690
1,1010.7,0.0,00:03:03.2,00:02:12.6,3.77,00:00:00.0,0.00,22.5,94,10.4,0.0,---,53,-54,30,32,25,80,154,172,-2,41.85808730,-71.37691940
1,1020.2,0.0,00:03:05.8,00:02:18.8,3.60,00:00:00.0,0.00,20.5,95,9.4,0.0,---,53,-54,33,32,25,81,151,171,-10,41.85800310,-71.37690540
1,1030.7,0.0,00:03:08.8,00:02:23.2,3.49,00:00:00.0,0.00,21.0,96,10.5,0.0,---,61,-53,22,31,21,96,180,202,-5,41.85790920,-71.37689010
1,1041.9,0.0,00:03:12.0,00:02:23.2,3.49,00:00:00.0,0.00,18.5,97,11.2,0.0,---,79,-55,16,33,22,130,244,272,-10,41.85780930,-71.37687500
1,1052.4,0.0,00:03:15.0,00:02:22.4,3.51,00:00:00.0,0.00,19.5,98,10.5,0.0,---,---,1,---,8,---,-5,---,10,5,41.85771540,-71.37686260
1,---,---,---,---,---,---,---,---,98,---,---,---,59,-53,25,31,20,99,184,232,-10,---,---
1,1085.1,0.0,00:03:25.2,00:03:11.5,2.61,00:00:00.0,0.00,24.0,99,32.8,0.0,---,225,-58,10,33,13,283,531,584,-14,41.85689490,-71.37674310
1,---,---,---,---,---,---,---,---,99,---,---,---,197,-55,7,32,11,272,511,582,-9,---,---
1,1094.6,0.0,00:03:27.4,00:02:16.9,3.65,00:00:00.0,0.00,27.5,100,9.4,0.0,---,278,-58,7,32,11,308,595,671,-13,41.85681110,-71.37672800
1,1104.6,0.0,00:03:29.6,00:01:59.0,4.20,00:00:00.0,0.00,27.5,101,10.0,0.0,---,252,-60,10,33,13,275,543,626,-11,41.85672170,-71.37671560
1,1113.6,0.0,00:03:31.6,00:01:47.7,4.64,00:00:00.0,0.00,28.5,102,9.0,0.0,---,284,-59,7,32,12,309,578,632,-15,41.85664090,-71.37670430
1,1124.6,0.0,00:03:33.6,00:01:39.8,5.01,00:00:00.0,0.00,29.5,103,11.0,0.0,---,313,-59,8,34,12,332,621,703,-12,41.85654220,-71.37669240
1,1134.2,0.0,00:03:35.4,00:01:35.9,5.21,00:00:00.0,0.00,33.5,104,9.6,0.0,---,380,-59,5,33,14,324,658,716,-14,41.85645630,-71.37668240
1,1143.4,0.0,00:03:37.0,00:01:32.7,5.39,00:00:00.0,0.00,36.0,105,9.1,0.0,---,401,-59,6,34,12,358,658,730,-13,41.85637440,-71.37667530
1,1153.6,0.0,00:03:38.8,00:01:29.1,5.61,00:00:00.0,0.00,36.0,106,10.3,0.0,---,415,-59,5,34,11,344,680,721,-13,41.85628230,-71.37666730
1,1163.4,0.0,00:03:40.6,00:01:26.6,5.77,00:00:00.0,0.00,37.0,107,9.8,0.0,---,388,-58,5,34,11,319,632,703,-11,41.85619500,-71.37665880
1,1173.2,0.0,00:03:42.0,00:01:23.4,5.99,00:00:00.0,0.00,35.0,108,9.8,0.0,---,377,-59,7,34,11,318,637,711,-11,41.85610680,-71.37664850
1,1183.1,0.0,00:03:43.7,00:01:22.3,6.07,00:00:00.0,0.00,35.0,109,9.9,0.0,---,364,-58,7,34,12,324,616,720,-11,41.85601810,-71.37663910
1,1193.9,0.0,00:03:45.4,00:01:21.0,6.17,00:00:00.0,0.00,35.0,110,10.8,0.0,---,381,-60,7,34,12,305,644,708,-11,41.85592140,-71.37662870
1,1204.9,0.0,00:03:47.2,00:01:20.6,6.20,00:00:00.0,0.00,35.0,111,11.0,0.0,---,370,-60,8,35,12,324,630,701,-11,41.85582310,-71.37661850
1,1215.9,0.0,00:03:49.0,00:01:21.5,6.13,00:00:00.0,0.00,33.5,112,11.0,0.0,---,358,-60,8,34,10,303,637,747,-9,41.85572500,-71.37660810
1,1226.7,0.0,00:03:50.8,00:01:22.3,6.07,00:00:00.0,0.00,32.5,113,10.9,0.0,---,340,-60,7,33,12,311,633,718,-12,41.85562780,-71.37659760
1,1236.8,0.0,00:03:52.6,00:01:22.7,6.04,00:00:00.0,0.00,33.5,114,10.1,0.0,---,314,-60,8,34,12,274,571,663,-10,41.85553780,-71.37658670
1,1248.8,0.0,00:03:54.4,00:01:20.7,6.19,00:00:00.0,0.00,33.5,115,12.0,0.0,---,334,-58,7,34,12,298,599,685,-11,41.85543030,-71.37657320
1,1259.7,0.0,00:03:56.2,00:01:20.9,6.18,00:00:00.0,0.00,32.5,116,10.9,0.0,---,353,-60,7,34,12,316,639,725,-12,41.85533320,-71.37656250
1,1270.7,0.0,00:03:58.0,00:01:22.3,6.07,00:00:00.0,0.00,33.5,117,11.1,0.0,---,348,-60,8,35,12,292,616,692,-10,41.85523420,-71.37654990
1,1281.7,0.0,00:03:59.8,00:01:22.7,6.04,00:00:00.0,0.00,33.5,118,11.0,0.0,---,346,-59,7,34,12,314,617,671,-12,41.85513620,-71.37653970
1,1291.6,0.0,00:04:01.7,00:01:22.9,6.03,00:00:00.0,0.00,33.5,119,9.9,0.0,---,348,-59,7,35,13,301,616,699,-11,41.85504730,-71.37653190
1,1303.5,0.0,00:04:03.4,00:01:21.8,6.11,00:00:00.0,0.00,34.0,120,12.0,0.0,---,339,-59,6,33,12,307,594,667,-12,41.85494010,-71.37652120
1,1313.4,0.0,00:04:05.0,00:01:22.2,6.08,00:00:00.0,0.00,35.0,121,9.9,0.0,---,336,-59,7,35,13,289,602,687,-11,41.85485160,-71.37651360
1,1324.2,0.0,00:04:06.8,00:01:22.6,6.05,00:00:00.0,0.00,33.5,122,10.8,0.0,---,337,-59,8,34,14,300,593,701,-14,41.85475500,-71.37650450
1,1335.1,0.0,00:04:08.6,00:01:22.6,6.05,00:00:00.0,0.00,33.5,123,10.9,0.0,---,324,-60,7,33,12,282,581,661,-14,41.85465750,-71.37649390
1,1346.1,0.0,00:04:10.6,00:01:22.5,6.06,00:00:00.0,0.00,34.0,124,11.0,0.0,---,340,-60,8,35,15,288,585,660,-11,41.85455910,-71.37648420
1,1356.9,0.0,00:04:12.2,00:01:22.5,6.06,00:00:00.0,0.00,35.0,125,10.8,0.0,---,340,-59,7,34,14,299,609,690,-13,41.85446220,-71.37647340
1,1366.6,0.0,00:04:13.9,00:01:22.7,6.04,00:00:00.0,0.00,32.5,126,9.7,0.0,---,285,-60,11,34,11,254,511,605,-12,41.85437540,-71.37646490
1,1378.1,0.0,00:04:15.8,00:01:22.7,6.04,00:00:00.0,0.00,33.5,127,11.6,0.0,---,301,-60,8,33,15,272,548,616,-15,41.85427200,-71.37645370
1,1389.8,0.0,00:04:17.8,00:01:24.7,5.90,00:00:00.0,0.00,31.0,128,11.6,0.0,---,167,-58,11,33,16,166,344,371,-5,41.85416780,-71.37644090
1,1399.6,0.0,00:04:19.8,00:01:28.8,5.63,00:00:00.0,0.00,28.5,129,9.8,0.0,---,171,-58,14,33,15,161,363,435,-9,41.85408000,-71.37643080
1,1411.5,0.0,00:04:22.0,00:01:33.4,5.35,00:00:00.0,0.00,27.5,130,11.9,0.0,---,173,-57,11,33,17,196,377,445,-10,41.85397380,-71.37641910
1,1422.2,0.0,00:04:24.2,00:01:39.8,5.01,00:00:00.0,0.00,27.5,131,10.8,0.0,---,177,-57,11,33,15,206,392,479,-12,41.85387760,-71.37640670
1,1432.6,0.0,00:04:26.4,00:01:45.2,4.75,00:00:00.0,0.00,27.5,132,10.4,0.0,---,249,-58,8,33,12,277,542,614,-11,41.85378490,-71.37639540
1,1442.3,0.0,00:04:28.6,00:01:45.7,4.73,00:00:00.0,0.00,29.5,133,9.8,0.0,---,297,-59,6,33,13,301,601,667,-14,41.85369740,-71.37638560
1,1451.6,0.0,00:04:30.2,00:01:42.2,4.89,00:00:00.0,0.00,31.0,134,9.3,0.0,---,294,-59,9,33,13,280,542,629,-13,41.85361450,-71.37637780
1,1461.2,0.0,00:04:32.0,00:01:37.8,5.11,00:00:00.0,0.00,33.5,135,9.6,0.0,---,349,-58,6,33,15,311,600,696,-13,41.85352810,-71.37637060
1,1471.3,0.0,00:04:33.8,00:01:32.7,5.39,00:00:00.0,0.00,35.0,136,10.1,0.0,---,343,-58,7,33,14,316,591,693,-12,41.85343780,-71.37636220
1,1480.4,0.0,00:04:35.4,00:01:29.7,5.57,00:00:00.0,0.00,35.0,137,9.1,0.0,---,332,-58,7,33,14,296,564,661,-12,41.85335590,-71.37635620
1,1490.7,0.0,00:04:37.2,00:01:28.8,5.63,00:00:00.0,0.00,34.0,138,10.3,0.0,---,306,-57,8,33,13,275,524,623,-12,41.85326360,-71.37635090
1,1500.2,0.0,00:04:38.8,00:01:27.7,5.70,00:00:00.0,0.00,35.0,139,9.4,0.0,---,341,-58,6,33,14,308,567,682,-12,41.85317890,-71.37634500
1,1509.5,0.0,00:04:40.7,00:01:26.3,5.79,00:00:00.0,0.00,35.0,140,9.3,0.0,---,298,-58,8,34,15,266,519,626,-10,41.85309500,-71.37633860
1,1520.0,0.0,00:04:42.2,00:01:23.6,5.98,00:00:00.0,0.00,35.0,141,10.5,0.0,---,339,-60,8,33,13,294,579,672,-13,41.85300070,-71.37633120
1,1530.6,0.0,00:04:44.0,00:01:24.3,5.93,00:00:00.0,0.00,35.0,142,10.5,0.0,---,319,-58,6,34,14,284,559,667,-12,41.85290620,-71.37632390
1,1541.4,0.0,00:04:45.8,00:01:24.8,5.89,00:00:00.0,0.00,33.5,143,10.8,0.0,---,314,-58,7,35,12,271,547,639,-11,41.85280930,-71.37631450
1,1552.0,0.0,00:04:47.6,00:01:24.0,5.95,00:00:00.0,0.00,35.0,144,10.6,0.0,---,294,-57,8,33,13,257,517,621,-12,41.85271440,-71.37630670
1,1561.4,0.0,00:04:49.2,00:01:24.7,5.90,00:00:00.0,0.00,33.5,145,9.5,0.0,---,287,-57,8,33,14,250,502,611,-15,41.85262960,-71.37629910
1,1571.8,0.0,00:04:51.0,00:01:25.3,5.86,00:00:00.0,0.00,34.0,146,10.4,0.0,---,315,-58,7,33,13,284,540,643,-12,41.85253640,-71.37629070
1,1580.6,0.0,00:04:52.6,00:01:25.4,5.85,00:00:00.0,0.00,35.0,147,8.7,0.0,---,319,-58,7,34,14,283,564,674,-12,41.85245830,-71.37628200
1,1592.1,0.0,00:04:54.4,00:01:23.0,6.02,00:00:00.0,0.00,34.0,148,11.5,0.0,---,318,-57,7,35,13,276,547,671,-12,41.85235520,-71.37627240
1,1602.7,0.0,00:04:56.2,00:01:23.7,5.97,00:00:00.0,0.00,35.0,149,10.6,0.0,---,321,-58,6,34,15,282,562,662,-12,41.85226000,-71.37626400
1,1613.4,0.0,00:04:58.0,00:01:25.3,5.86,00:00:00.0,0.00,35.0,150,10.8,0.0,---,312,-58,7,34,14,270,535,623,-11,41.85216370,-71.37625520
1,1623.1,0.0,00:04:59.6,00:01:24.4,5.92,00:00:00.0,0.00,33.5,151,9.6,0.0,---,316,-59,7,33,14,271,553,630,-12,41.85207730,-71.37624940
1,1633.7,0.0,00:05:01.6,00:01:24.7,5.90,00:00:00.0,0.00,35.0,152,10.7,0.0,---,331,-59,8,34,13,288,569,640,-11,41.85198140,-71.37624300
1,1644.3,0.0,00:05:03.2,00:01:24.8,5.89,00:00:00.0,0.00,35.0,153,10.5,0.0,---,329,-58,7,35,14,283,560,655,-12,41.85188680,-71.37623780
1,1653.0,0.0,00:05:04.8,00:01:24.6,5.91,00:00:00.0,0.00,33.5,154,8.8,0.0,---,304,-59,7,34,16,261,535,610,-11,41.85180830,-71.37623290
1,1664.4,0.0,00:05:06.6,00:01:23.6,5.98,00:00:00.0,0.00,35.0,155,11.4,0.0,---,312,-59,8,34,15,281,540,638,-11,41.85170640,-71.37622790
1,1674.8,0.0,00:05:08.4,00:01:25.0,5.88,00:00:00.0,0.00,33.5,156,10.4,0.0,---,288,-57,8,34,14,256,501,616,-12,41.85161300,-71.37622370
1,1686.1,0.0,00:05:10.6,00:01:26.9,5.75,00:00:00.0,0.00,32.0,157,11.3,0.0,---,116,-56,25,33,19,113,232,272,-12,41.85151140,-71.37622050
1,1696.7,0.0,00:05:12.4,00:01:29.6,5.58,00:00:00.0,0.00,28.5,158,10.6,0.0,---,136,-57,12,33,18,141,292,326,-11,41.85141630,-71.37621550
1,1707.5,0.0,00:05:14.6,00:01:36.5,5.18,00:00:00.0,0.00,28.5,159,10.8,0.0,---,131,-56,14,33,17,146,280,327,-7,41.85131910,-71.37620680
1,1716.1,0.0,00:05:16.7,00:01:42.6,4.87,00:00:00.0,0.00,26.5,160,8.6,0.0,---,146,-56,11,33,18,169,324,381,-9,41.85124220,-71.37620140
1,1727.5,0.0,00:05:19.0,00:01:46.6,4.69,00:00:00.0,0.00,27.5,161,11.4,0.0,---,150,-56,11,33,16,178,345,380,-12,41.85114030,-71.37619460
1,1736.2,0.0,00:05:21.0,00:01:52.3,4.45,00:00:00.0,0.00,27.5,162,8.8,0.0,---,294,-59,6,32,11,320,618,709,-16,41.85106160,-71.37619020
1,1744.8,0.0,00:05:22.9,00:01:53.6,4.40,00:00:00.0,0.00,31.0,163,8.6,0.0,---,296,-58,5,33,14,292,550,578,-16,41.85098440,-71.37618580
1,1754.6,0.0,00:05:24.8,00:01:45.7,4.73,00:00:00.0,0.00,33.5,164,9.8,0.0,---,298,-56,6,33,15,277,530,620,-14,41.85089660,-71.37618440
1,1764.1,0.0,00:05:26.6,00:01:39.6,5.02,00:00:00.0,0.00,33.5,165,9.5,0.0,---,333,-57,5,31,13,306,563,679,-16,41.85081090,-71.37618290
1,1773.2,0.0,00:05:28.2,00:01:35.0,5.26,00:00:00.0,0.00,35.0,166,9.0,0.0,---,315,-57,6,32,14,284,532,638,-12,41.85073000,-71.37617980
1,1783.2,0.0,00:05:30.0,00:01:31.5,5.46,00:00:00.0,0.00,35.0,167,10.1,0.0,---,335,-58,6,33,13,296,574,665,-13,41.85063940,-71.37617630
1,1791.6,0.0,00:05:31.7,00:01:29.4,5.59,00:00:00.0,0.00,35.0,168,8.3,0.0,---,303,-57,8,33,14,270,506,606,-11,41.85056470,-71.37617350
1,1802.9,0.0,00:05:33.4,00:01:25.6,5.84,00:00:00.0,0.00,35.0,169,11.3,0.0,---,297,-58,7,32,13,256,515,612,-12,41.85046310,-71.37617010
1,1812.3,0.0,00:05:35.0,00:01:25.7,5.83,00:00:00.0,0.00,35.0,170,9.5,0.0,---,304,-59,7,32,15,264,526,637,-13,41.85037800,-71.37616650
1,1822.7,0.0,00:05:36.8,00:01:26.3,5.79,00:00:00.0,0.00,33.5,171,10.4,0.0,---,304,-57,7,33,13,265,515,614,-12,41.85028480,-71.37616010
1,1832.2,0.0,00:05:38.4,00:01:25.7,5.83,00:00:00.0,0.00,35.0,172,9.5,0.0,---,311,-58,7,32,13,281,533,623,-12,41.85019980,-71.37615190
1,1842.7,0.0,00:05:40.2,00:01:26.6,5.77,00:00:00.0,0.00,35.0,173,10.5,0.0,---,273,-58,7,34,17,248,472,555,-11,41.85010590,-71.37614180
1,1853.0,0.0,00:05:42.0,00:01:27.2,5.73,00:00:00.0,0.00,35.0,174,10.3,0.0,---,300,-58,7,33,16,263,517,624,-12,41.85001370,-71.37612970
1,1861.5,0.0,00:05:43.6,00:01:27.1,5.74,00:00:00.0,0.00,33.5,175,8.5,0.0,---,307,-59,7,33,15,262,525,603,-10,41.84993780,-71.37612100
1,1873.0,0.0,00:05:45.4,00:01:24.0,5.95,00:00:00.0,0.00,35.0,176,11.4,0.0,---,309,-59,9,33,12,257,529,612,-13,41.84983530,-71.37611010
1,1882.4,0.0,00:05:47.0,00:01:24.4,5.92,00:00:00.0,0.00,35.0,177,9.5,0.0,---,301,-59,8,33,14,266,523,608,-10,41.84975030,-71.37610200
1,1892.8,0.0,00:05:48.8,00:01:25.9,5.82,00:00:00.0,0.00,34.0,178,10.4,0.0,---,295,-58,8,33,15,261,509,616,-11,41.84965720,-71.37609450
1,1903.2,0.0,00:05:50.6,00:01:25.9,5.82,00:00:00.0,0.00,35.0,179,10.4,0.0,---,288,-57,8,34,15,254,499,589,-11,41.84956430,-71.37608730
1,1912.7,0.0,00:05:52.2,00:01:26.6,5.77,00:00:00.0,0.00,35.0,180,9.5,0.0,---,300,-58,9,34,15,266,514,620,-12,41.84947930,-71.37608110
1,1923.3,0.0,00:05:54.0,00:01:26.3,5.79,00:00:00.0,0.00,34.0,181,10.6,0.0,---,299,-59,9,34,14,259,515,611,-10,41.84938400,-71.37607450
1,1931.9,0.0,00:05:55.7,00:01:25.6,5.84,00:00:00.0,0.00,35.0,182,8.6,0.0,---,290,-58,10,33,12,256,495,568,-10,41.84930690,-71.37606940
1,1943.1,0.0,00:05:57.4,00:01:24.3,5.93,00:00:00.0,0.00,35.0,183,11.2,0.0,---,295,-58,8,33,15,263,516,612,-12,41.84920620,-71.37605960
1,1953.6,0.0,00:05:59.2,00:01:24.4,5.92,00:00:00.0,0.00,34.0,184,10.4,0.0,---,276,-58,7,33,16,233,484,581,-12,41.84911260,-71.37605190
1,1965.1,0.0,00:06:01.2,00:01:26.0,5.81,00:00:00.0,0.00,32.0,185,11.5,0.0,---,65,-54,36,33,30,63,131,164,-6,41.84900910,-71.37604330
1,1976.3,0.0,00:06:03.4,00:01:30.7,5.51,00:00:00.0,0.00,27.5,186,11.2,0.0,---,49,-52,48,33,30,57,114,144,-1,41.84890880,-71.37603790
1,1986.3,0.0,00:06:05.6,00:01:41.6,4.92,00:00:00.0,0.00,26.5,187,10.0,0.0,---,64,-52,34,32,24,82,144,172,1,41.84881890,-71.37603610
1,1996.0,0.0,00:06:08.0,00:01:53.6,4.40,00:00:00.0,0.00,24.5,188,9.8,0.0,---,68,-54,24,33,24,93,174,183,-7,41.84873130,-71.37603430
1,2005.1,0.0,00:06:10.6,00:02:04.3,4.02,00:00:00.0,0.00,24.5,189,9.1,0.0,---,66,-53,23,31,23,94,170,191,-9,41.84864950,-71.37603390
1,2014.2,0.0,00:06:13.0,00:02:14.7,3.71,00:00:00.0,0.00,23.0,190,9.0,0.0,---,54,-53,40,32,26,80,139,157,-2,41.84856840,-71.37603260
1,2023.4,0.0,00:06:15.8,00:02:25.7,3.43,00:00:00.0,0.00,22.0,191,9.3,0.0,---,73,-55,21,33,20,109,208,228,-5,41.84848530,-71.37602700
1,2032.4,0.0,00:06:18.6,00:02:34.3,3.24,00:00:00.0,0.00,22.0,192,9.0,0.0,---,75,-54,21,32,19,118,202,225,-2,41.84840450,-71.37602230
1,2041.7,0.0,00:06:21.4,00:02:35.7,3.21,00:00:00.0,0.00,21.0,193,9.3,0.0,---,76,-54,19,31,19,123,214,228,-1,41.84832120,-71.37601640
1,2051.0,0.0,00:06:24.2,00:02:32.9,3.27,00:00:00.0,0.00,21.0,194,9.3,0.0,---,65,-54,24,32,20,101,187,223,-7,41.84823800,-71.37600980
1,2060.6,0.0,00:06:27.0,00:02:30.6,3.32,00:00:00.0,0.00,20.5,195,9.6,0.0,---,59,-54,22,30,22,98,172,191,-4,41.84815210,-71.37600420
1,2070.3,0.0,00:06:30.0,00:02:30.1,3.33,00:00:00.0,0.00,20.5,196,9.8,0.0,---,---,8,---,13,---,-11,---,-1,9,41.84806430,-71.37600130
1,---,---,---,---,---,---,---,---,196,---,---,---,---,5,---,10,---,-4,---,4,5,---,---
1,---,---,---,---,---,---,---,---,196,---,---,---,62,-55,22,32,23,98,180,189,-12,---,---
1,2094.9,0.0,00:06:39.5,00:03:48.3,2.19,00:00:00.0,0.00,32.0,197,24.5,0.0,---,135,-49,11,32,8,166,411,458,3,41.84741610,-71.37604100
1,2096.9,0.0,00:06:40.3,00:04:36.2,1.81,00:00:00.0,0.00,49.5,198,2.0,0.0,---,187,-57,6,31,12,282,522,580,-9,41.84739780,-71.37604210
1,2105.3,0.0,00:06:43.1,00:03:06.5,2.68,00:00:00.0,0.00,22.5,199,8.4,0.0,---,197,-57,13,32,12,244,479,578,-8,41.84732240,-71.37604880
1,2114.5,0.0,00:06:45.5,00:02:35.7,3.21,00:00:00.0,0.00,25.0,200,9.1,0.0,---,184,-56,11,32,15,221,423,517,-8,41.84724040,-71.37605580
1,2123.6,0.0,00:06:48.0,00:02:10.2,3.84,00:00:00.0,0.00,26.5,201,9.1,0.0,---,195,-56,18,32,13,220,427,556,-7,41.84715860,-71.37606410
1,2134.2,0.0,00:06:50.1,00:01:56.2,4.30,00:00:00.0,0.00,27.5,202,10.6,0.0,---,170,-58,21,32,15,183,376,488,-5,41.84706380,-71.37607260
1,2144.6,0.0,00:06:52.3,00:01:50.6,4.52,00:00:00.0,0.00,27.5,203,10.4,0.0,---,206,-56,10,32,15,240,445,524,-10,41.84697080,-71.37607840
1,2154.2,0.0,00:06:54.3,00:01:47.5,4.65,00:00:00.0,0.00,28.5,204,9.7,0.0,---,217,-57,9,33,16,240,461,549,-12,41.84688410,-71.37608480
1,2164.9,0.0,00:06:56.5,00:01:43.9,4.81,00:00:00.0,0.00,29.5,205,10.6,0.0,---,242,-57,8,32,15,256,497,570,-11,41.84678870,-71.37609230
1,2175.0,0.0,00:06:58.5,00:01:42.6,4.87,00:00:00.0,0.00,28.5,206,10.1,0.0,---,226,-57,10,33,14,237,453,538,-9,41.84669790,-71.37610140
1,2185.1,0.0,00:07:00.5,00:01:41.4,4.93,00:00:00.0,0.00,29.5,207,10.1,0.0,---,225,-57,9,32,15,225,461,555,-9,41.84660710,-71.37611040
1,2195.5,0.0,00:07:02.5,00:01:39.4,5.03,00:00:00.0,0.00,29.5,208,10.3,0.0,---,216,-58,11,33,16,228,445,540,-10,41.84651440,-71.37611700
1,2206.5,0.0,00:07:04.7,00:01:39.0,5.05,00:00:00.0,0.00,28.5,209,11.0,0.0,---,185,-56,12,33,16,199,390,492,-7,41.84641550,-71.37612560
1,2216.6,0.0,00:07:06.7,00:01:39.8,5.01,00:00:00.0,0.00,28.5,210,10.1,0.0,---,192,-58,13,33,14,206,404,501,-9,41.84632470,-71.37613190
1,2226.7,0.0,00:07:09.0,00:01:40.2,4.99,00:00:00.0,0.00,31.0,211,10.1,0.0,---,340,-58,6,33,13,328,639,714,-13,41.84623420,-71.37613970
1,2236.1,0.0,00:07:10.5,00:01:40.0,5.00,00:00:00.0,0.00,33.5,212,9.4,0.0,---,379,-57,5,33,11,344,648,750,-14,41.84615020,-71.37614460
1,2244.0,0.0,00:07:12.1,00:01:35.7,5.22,00:00:00.0,0.00,35.0,213,8.0,0.0,---,380,-58,6,32,13,340,642,752,-13,41.84607880,-71.37614730
1,2253.9,0.0,00:07:13.7,00:01:29.6,5.58,00:00:00.0,0.00,37.0,214,9.9,0.0,---,401,-59,7,33,14,332,642,721,-12,41.84599010,-71.37615280
1,2263.1,0.0,00:07:15.3,00:01:28.1,5.67,00:00:00.0,0.00,37.0,215,9.2,0.0,---,358,-57,6,32,12,288,581,680,-11,41.84590770,-71.37615570
1,2272.3,0.0,00:07:16.9,00:01:27.8,5.69,00:00:00.0,0.00,37.0,216,9.2,0.0,---,377,-57,6,33,12,312,600,698,-10,41.84582530,-71.37615850
1,2281.7,0.0,00:07:18.5,00:01:26.6,5.77,00:00:00.0,0.00,37.0,217,9.4,0.0,---,368,-58,6,33,13,318,600,681,-13,41.84574070,-71.37615860
1,2292.1,0.0,00:07:20.4,00:01:26.2,5.80,00:00:00.0,0.00,37.0,218,10.4,0.0,---,366,-58,6,33,14,302,590,698,-11,41.84564730,-71.37616030
1,2301.4,0.0,00:07:21.9,00:01:25.7,5.83,00:00:00.0,0.00,37.0,219,9.4,0.0,---,371,-58,6,32,13,325,598,679,-16,41.84556320,-71.37616100
1,2310.9,0.0,00:07:23.5,00:01:25.3,5.86,00:00:00.0,0.00,37.0,220,9.5,0.0,---,359,-58,6,32,14,309,578,675,-13,41.84547810,-71.37616310
1,2320.4,0.0,00:07:25.1,00:01:25.7,5.83,00:00:00.0,0.00,37.0,221,9.5,0.0,---,349,-58,6,33,14,299,575,690,-12,41.84539290,-71.37616610
1,2330.1,0.0,00:07:27.0,00:01:25.1,5.87,00:00:00.0,0.00,36.0,222,9.7,0.0,---,346,-59,7,32,14,271,561,636,-11,41.84530540,-71.37616700
1,2339.6,0.0,00:07:28.3,00:01:23.3,6.00,00:00:00.0,0.00,38.0,223,9.5,0.0,---,350,-58,7,33,13,289,568,670,-12,41.84522020,-71.37617070
1,2348.3,0.0,00:07:30.0,00:01:23.4,5.99,00:00:00.0,0.00,37.0,224,8.7,0.0,---,361,-59,8,33,13,300,578,688,-11,41.84514210,-71.37617290
1,2359.0,0.0,00:07:31.5,00:01:21.8,6.11,00:00:00.0,0.00,37.0,225,10.7,0.0,---,344,-60,9,33,13,295,554,666,-10,41.84504650,-71.37617710
1,2367.8,0.0,00:07:33.1,00:01:21.1,6.16,00:00:00.0,0.00,37.0,226,8.8,0.0,---,358,-59,6,33,13,292,587,646,-12,41.84496740,-71.37617740
1,2378.5,0.0,00:07:34.7,00:01:21.1,6.16,00:00:00.0,0.00,37.0,227,10.8,0.0,---,368,-58,7,34,14,300,585,667,-13,41.84487080,-71.37618100
1,2388.4,0.0,00:07:36.3,00:01:21.4,6.14,00:00:00.0,0.00,37.0,228,9.8,0.0,---,372,-58,7,34,12,306,595,698,-10,41.84478250,-71.37618260
1,2398.3,0.0,00:07:37.9,00:01:22.2,6.08,00:00:00.0,0.00,37.0,229,9.9,0.0,---,369,-59,8,34,13,317,594,720,-11,41.84469350,-71.37618540
1,2408.2,0.0,00:07:39.5,00:01:22.3,6.07,00:00:00.0,0.00,37.0,230,9.9,0.0,---,359,-59,7,34,12,306,582,682,-13,41.84460450,-71.37618850
1,2418.1,0.0,00:07:41.1,00:01:22.3,6.07,00:00:00.0,0.00,37.0,231,9.9,0.0,---,343,-60,9,34,14,287,553,654,-12,41.84451550,-71.37619120
1,2428.9,0.0,00:07:42.9,00:01:22.6,6.05,00:00:00.0,0.00,37.0,232,10.8,0.0,---,363,-59,7,34,13,307,593,686,-12,41.84441860,-71.37619390
1,2438.6,0.0,00:07:44.5,00:01:22.5,6.06,00:00:00.0,0.00,37.0,233,9.7,0.0,---,366,-58,6,35,15,309,594,706,-14,41.84433110,-71.37619690
1,2448.1,0.0,00:07:46.1,00:01:23.0,6.02,00:00:00.0,0.00,37.0,234,9.5,0.0,---,320,-58,7,33,15,274,528,643,-12,41.84424600,-71.37620060
1,2457.9,0.0,00:07:48.0,00:01:24.0,5.95,00:00:00.0,0.00,33.5,235,9.8,0.0,---,192,-58,12,33,15,179,351,381,-11,41.84415760,-71.37620360
1,2469.9,0.0,00:07:49.9,00:01:24.0,5.95,00:00:00.0,0.00,31.0,236,11.9,0.0,---,165,-57,12,34,18,177,330,385,-8,41.84405050,-71.37620870
1,2480.4,0.0,00:07:51.9,00:01:30.2,5.54,00:00:00.0,0.00,29.5,237,10.5,0.0,---,163,-56,12,33,16,188,339,393,-7,41.84395620,-71.37621230
1,2489.5,0.0,00:07:54.0,00:01:37.8,5.11,00:00:00.0,0.00,28.5,238,9.1,0.0,---,208,-58,9,33,16,229,434,504,-12,41.84387450,-71.37621770
1,2499.9,0.0,00:07:55.9,00:01:41.0,4.95,00:00:00.0,0.00,29.5,239,10.4,0.0,---,290,-59,8,33,14,306,580,673,-13,41.84378120,-71.37622300
1,2508.9,0.0,00:07:57.7,00:01:44.1,4.80,00:00:00.0,0.00,33.5,240,9.0,0.0,---,321,-58,6,34,14,306,575,654,-13,41.84370060,-71.37622650
1,2518.2,0.0,00:07:59.6,00:01:40.6,4.97,00:00:00.0,0.00,33.5,241,9.4,0.0,---,353,-58,6,34,13,314,601,698,-12,41.84361670,-71.37623370
1,2527.1,0.0,00:08:01.1,00:01:35.6,5.23,00:00:00.0,0.00,35.5,242,8.9,0.0,---,368,-59,6,34,14,317,615,688,-12,41.84353690,-71.37623820
1,2536.2,0.0,00:08:03.0,00:01:32.4,5.41,00:00:00.0,0.00,35.5,243,9.1,0.0,---,349,-58,5,34,16,304,573,665,-12,41.84345520,-71.37624300
1,2546.4,0.0,00:08:04.5,00:01:27.2,5.73,00:00:00.0,0.00,36.0,244,10.2,0.0,---,345,-57,6,34,15,296,567,663,-12,41.84336410,-71.37625120
1,2555.0,0.0,00:08:06.1,00:01:25.7,5.83,00:00:00.0,0.00,37.0,245,8.6,0.0,---,339,-58,7,34,14,286,556,670,-11,41.84328700,-71.37625760
1,2565.5,0.0,00:08:07.7,00:01:24.7,5.90,00:00:00.0,0.00,35.5,246,10.5,0.0,---,313,-58,7,33,16,271,516,631,-12,41.84319290,-71.37626460
1,2575.7,0.0,00:08:09.5,00:01:24.6,5.91,00:00:00.0,0.00,36.5,247,10.2,0.0,---,324,-58,7,34,14,276,545,636,-12,41.84310110,-71.37627320
1,2585.2,0.0,00:08:11.1,00:01:26.0,5.81,00:00:00.0,0.00,35.5,248,9.5,0.0,---,326,-59,8,34,14,286,531,606,-11,41.84301610,-71.37628120
1,2594.7,0.0,00:08:12.8,00:01:25.7,5.83,00:00:00.0,0.00,36.5,249,9.5,0.0,---,329,-58,7,35,16,288,537,633,-12,41.84293070,-71.37628770
1,2604.3,0.0,00:08:14.3,00:01:25.3,5.86,00:00:00.0,0.00,37.0,250,9.6,0.0,---,317,-59,8,34,14,275,533,627,-10,41.84284420,-71.37629180
1,2614.6,0.0,00:08:16.1,00:01:25.7,5.83,00:00:00.0,0.00,35.0,251,10.2,0.0,---,340,-58,6,34,13,293,565,638,-12,41.84275260,-71.37629960
1,2624.1,0.0,00:08:18.0,00:01:25.9,5.82,00:00:00.0,0.00,35.5,252,9.5,0.0,---,343,-58,6,34,13,290,570,663,-12,41.84266750,-71.37630660
1,2633.7,0.0,00:08:19.4,00:01:24.6,5.91,00:00:00.0,0.00,36.5,253,9.7,0.0,---,342,-58,7,35,13,287,568,615,-13,41.84258100,-71.37631380
1,2642.4,0.0,00:08:21.0,00:01:23.7,5.97,00:00:00.0,0.00,35.5,254,8.7,0.0,---,334,-58,7,34,13,286,554,674,-12,41.84250320,-71.37632160
1,2653.9,0.0,00:08:22.7,00:01:22.5,6.06,00:00:00.0,0.00,36.5,255,11.5,0.0,---,303,-57,7,34,13,258,506,620,-12,41.84240050,-71.37633290
1,2663.6,0.0,00:08:24.3,00:01:23.6,5.98,00:00:00.0,0.00,35.5,256,9.8,0.0,---,324,-58,7,34,15,282,535,629,-12,41.84231300,-71.37633850
1,2674.3,0.0,00:08:26.2,00:01:24.3,5.93,00:00:00.0,0.00,36.5,257,10.6,0.0,---,320,-58,7,34,14,269,534,615,-14,41.84221750,-71.37634240
1,2683.7,0.0,00:08:27.7,00:01:23.3,6.00,00:00:00.0,0.00,35.0,258,9.4,0.0,---,320,-59,7,34,14,270,538,632,-12,41.84213300,-71.37635110
1,2693.4,0.0,00:08:29.3,00:01:23.8,5.96,00:00:00.0,0.00,35.5,259,9.7,0.0,---,318,-58,7,34,15,268,531,611,-12,41.84204600,-71.37635790
1,2703.9,0.0,00:08:31.1,00:01:25.7,5.83,00:00:00.0,0.00,37.0,260,10.5,0.0,---,304,-59,7,34,15,256,511,539,-11,41.84195210,-71.37636700
1,2713.4,0.0,00:08:33.0,00:01:26.2,5.80,00:00:00.0,0.00,35.0,261,9.5,0.0,---,314,-58,8,34,15,267,525,603,-13,41.84186660,-71.37637550
1,2723.9,0.0,00:08:34.5,00:01:24.3,5.93,00:00:00.0,0.00,35.0,262,10.5,0.0,---,273,-58,7,34,16,238,466,523,-14,41.84177220,-71.37638530
1,2734.3,0.0,00:08:36.3,00:01:24.6,5.91,00:00:00.0,0.00,32.0,263,10.4,0.0,---,114,-56,16,35,22,104,222,240,-9,41.84167940,-71.37639500
1,2744.9,0.0,00:08:38.4,00:01:28.4,5.65,00:00:00.0,0.00,29.5,264,10.6,0.0,---,108,-56,24,33,19,117,226,255,-2,41.84158410,-71.37640210
1,2755.6,0.0,00:08:40.5,00:01:36.7,5.17,00:00:00.0,0.00,28.5,265,10.7,0.0,---,148,-57,11,32,17,167,317,339,-6,41.84148860,-71.37641030
1,2764.9,0.0,00:08:42.5,00:01:45.0,4.76,00:00:00.0,0.00,28.5,266,9.3,0.0,---,164,-57,11,33,16,183,352,387,-9,41.84140490,-71.37641530
1,2774.9,0.0,00:08:45.0,00:01:48.9,4.59,00:00:00.0,0.00,28.5,267,10.0,0.0,---,179,-57,14,33,15,202,378,459,-10,41.84131570,-71.37642300
1,2783.9,0.0,00:08:46.7,00:01:49.6,4.56,00:00:00.0,0.00,28.5,268,9.0,0.0,---,266,-58,7,33,12,276,532,595,-12,41.84123460,-71.37642830
1,2792.6,0.0,00:08:48.5,00:01:49.6,4.56,00:00:00.0,0.00,32.0,269,8.7,0.0,---,286,-58,6,33,13,279,534,596,-13,41.84115650,-71.37643420
1,2801.5,0.0,00:08:50.3,00:01:45.0,4.76,00:00:00.0,0.00,32.5,270,8.9,0.0,---,260,-57,9,34,14,243,459,551,-10,41.84107650,-71.37644030
1,2810.8,0.0,00:08:52.2,00:01:41.6,4.92,00:00:00.0,0.00,35.0,271,9.3,0.0,---,306,-58,7,33,15,278,536,602,-11,41.84099350,-71.37644710
1,2819.4,0.0,00:08:54.0,00:01:38.2,5.09,00:00:00.0,0.00,34.0,272,8.6,0.0,---,294,-55,7,34,14,274,497,571,-10,41.84091610,-71.37645290
1,2829.3,0.0,00:08:55.5,00:01:31.7,5.45,00:00:00.0,0.00,35.0,273,9.9,0.0,---,315,-58,8,35,15,286,546,623,-12,41.84082770,-71.37645770
1,2839.2,0.0,00:08:57.3,00:01:30.5,5.52,00:00:00.0,0.00,35.0,274,9.9,0.0,---,296,-57,7,34,15,261,498,562,-11,41.84073850,-71.37646060
1,2849.3,0.0,00:08:59.2,00:01:29.2,5.60,00:00:00.0,0.00,35.0,275,10.1,0.0,---,293,-58,8,34,16,256,498,563,-12,41.84064800,-71.37646700
1,2858.4,0.0,00:09:00.7,00:01:28.3,5.66,00:00:00.0,0.00,35.0,276,9.1,0.0,---,304,-57,9,34,14,260,511,605,-10,41.84056610,-71.37647370
1,2867.6,0.0,00:09:02.3,00:01:28.9,5.62,00:00:00.0,0.00,35.0,277,9.2,0.0,---,290,-57,9,33,15,250,490,588,-12,41.84048360,-71.37648170
1,2877.8,0.0,00:09:04.1,00:01:29.1,5.61,00:00:00.0,0.00,35.0,278,10.2,0.0,---,300,-57,7,34,17,265,504,599,-11,41.84039270,-71.37649170
1,2887.0,0.0,00:09:06.0,00:01:29.1,5.61,00:00:00.0,0.00,35.5,279,9.3,0.0,---,290,-57,8,33,16,252,494,598,-12,41.84030980,-71.37650010
1,2897.2,0.0,00:09:07.5,00:01:26.6,5.77,00:00:00.0,0.00,35.0,280,10.2,0.0,---,290,-57,8,34,14,261,496,589,-11,41.84021890,-71.37651000
1,2905.6,0.0,00:09:09.1,00:01:26.5,5.78,00:00:00.0,0.00,35.0,281,8.4,0.0,---,285,-56,8,34,14,251,485,591,-10,41.84014360,-71.37651610
1,2916.6,0.0,00:09:11.0,00:01:26.5,5.78,00:00:00.0,0.00,35.0,282,11.1,0.0,---,296,-58,8,34,15,259,510,599,-12,41.84004460,-71.37652410
1,2925.8,0.0,00:09:12.5,00:01:27.7,5.70,00:00:00.0,0.00,35.0,283,9.2,0.0,---,294,-58,8,34,15,254,494,584,-12,41.83996220,-71.37652950
1,2936.0,0.0,00:09:14.3,00:01:28.8,5.63,00:00:00.0,0.00,35.0,284,10.2,0.0,---,279,-58,9,34,16,242,475,558,-10,41.83987040,-71.37653620
1,2945.2,0.0,00:09:15.9,00:01:28.6,5.64,00:00:00.0,0.00,35.0,285,9.1,0.0,---,276,-58,8,34,16,250,462,501,-14,41.83978850,-71.37654030
1,2955.3,0.0,00:09:18.0,00:01:28.1,5.67,00:00:00.0,0.00,35.5,286,10.1,0.0,---,279,-59,9,33,14,240,485,535,-16,41.83969800,-71.37654640
1,2964.3,0.0,00:09:19.3,00:01:27.2,5.73,00:00:00.0,0.00,35.0,287,9.1,0.0,---,252,-58,11,33,15,231,422,515,-12,41.83961670,-71.37655240
1,2973.4,0.0,00:09:21.1,00:01:28.4,5.65,00:00:00.0,0.00,35.0,288,9.0,0.0,---,275,-57,8,33,16,244,480,581,-12,41.83953560,-71.37655830
1,2983.4,0.0,00:09:22.7,00:01:27.8,5.69,00:00:00.0,0.00,35.0,289,10.0,0.0,---,277,-57,8,34,17,247,471,572,-14,41.83944580,-71.37656530
1,2993.4,0.0,00:09:24.6,00:01:28.4,5.65,00:00:00.0,0.00,35.0,290,10.0,0.0,---,261,-57,8,33,17,235,446,532,-11,41.83935630,-71.37657400
1,3003.3,0.0,00:09:26.3,00:01:29.7,5.57,00:00:00.0,0.00,33.5,291,9.9,0.0,---,268,-57,9,33,15,241,472,561,-15,41.83926780,-71.37658430
1,3012.4,0.0,00:09:27.9,00:01:31.0,5.49,00:00:00.0,0.00,35.0,292,9.2,0.0,---,276,-57,9,34,17,239,465,546,-11,41.83918580,-71.37659190
1,3022.3,0.0,00:09:30.0,00:01:31.7,5.45,00:00:00.0,0.00,35.0,293,9.9,0.0,---,147,-56,9,33,21,138,261,302,-15,41.83909660,-71.37659850
1,3034.0,0.0,00:09:31.9,00:01:31.7,5.45,00:00:00.0,0.00,28.5,294,11.6,0.0,---,45,-50,---,31,---,52,96,126,1,41.83899230,-71.37660810
1,3044.0,0.0,00:09:34.1,00:01:38.4,5.08,00:00:00.0,0.00,28.5,295,10.1,0.0,---,30,-49,---,33,---,37,72,90,-2,41.83890220,-71.37661690
1,3054.0,0.0,00:09:36.5,00:01:50.3,4.53,00:00:00.0,0.00,24.0,296,9.9,0.0,---,36,-48,---,33,---,47,90,130,0,41.83881300,-71.37662340
1,3062.3,0.0,00:09:39.0,00:02:03.7,4.04,00:00:00.0,0.00,24.5,297,8.3,0.0,---,30,-52,---,31,---,44,78,94,-38,41.83873810,-71.37662610
1,3071.9,0.0,00:09:41.5,00:02:15.5,3.69,00:00:00.0,0.00,23.0,298,9.6,0.0,---,27,-48,---,34,---,41,73,97,-7,41.83865190,-71.37663020
1,3080.3,0.0,00:09:44.2,00:02:25.7,3.43,00:00:00.0,0.00,22.5,299,8.4,0.0,---,26,-48,---,32,---,40,73,89,-1,41.83857690,-71.37663650
1,3089.6,0.0,00:09:47.1,00:02:36.7,3.19,00:00:00.0,0.00,20.0,300,9.3,0.0,---,49,-50,30,32,24,78,144,161,-14,41.83849380,-71.37664650
1,3098.6,0.0,00:09:49.9,00:02:42.3,3.08,00:00:00.0,0.00,21.0,301,9.0,0.0,---,52,-52,25,33,30,84,153,150,0,41.83841290,-71.37665640
1,3108.3,0.0,00:09:52.9,00:02:39.2,3.14,00:00:00.0,0.00,20.0,302,9.6,0.0,---,51,-51,29,31,20,83,145,167,1,41.83832680,-71.37666770
1,3117.6,0.0,00:09:55.9,00:02:37.7,3.17,00:00:00.0,0.00,20.5,303,9.4,0.0,---,53,-51,23,33,24,88,161,183,-2,41.83824310,-71.37668040
1,3127.2,0.0,00:09:58.9,00:02:37.7,3.17,00:00:00.0,0.00,20.0,304,9.5,0.0,---,60,-52,22,31,21,100,177,203,-8,41.83815780,-71.37668990
1,3136.9,0.0,00:10:01.9,00:02:35.2,3.22,00:00:00.0,0.00,20.0,305,9.7,0.0,---,59,-53,22,32,19,98,178,185,-3,41.83807080,-71.37669840
1,3146.9,0.0,00:10:04.9,00:02:32.9,3.27,00:00:00.0,0.00,20.0,306,10.0,0.0,---,---,5,---,11,---,-6,---,-2,5,41.83798110,-71.37670920
1,---,---,---,---,---,---,---,---,306,---,---,---,---,1,---,5,---,-7,---,0,1,---,---
1,---,---,---,---,---,---,---,---,306,---,---,---,40,-55,---,31,---,71,119,122,-30,---,---
1,3172.1,0.0,00:10:13.8,00:04:06.3,2.03,00:00:00.0,0.00,46.5,307,25.2,0.0,---,190,-55,6,32,11,297,536,564,-6,41.83722050,-71.37681140
1,---,---,---,---,---,---,---,---,307,---,---,---,152,-54,5,30,7,266,568,579,-7,---,---
1,3180.3,0.0,00:10:16.6,00:03:13.7,2.58,00:00:00.0,0.00,22.5,308,8.2,0.0,---,179,-57,13,32,11,228,435,539,-6,41.83714710,-71.37682140
1,3189.9,0.0,00:10:19.2,00:02:39.7,3.13,00:00:00.0,0.00,24.5,309,9.6,0.0,---,182,-55,12,33,13,237,431,512,-7,41.83706160,-71.37683030
1,3199.9,0.0,00:10:21.6,00:02:13.6,3.74,00:00:00.0,0.00,25.5,310,10.0,0.0,---,226,-58,7,32,12,273,528,588,-7,41.83697210,-71.37683930
1,3209.1,0.0,00:10:23.7,00:01:59.3,4.19,00:00:00.0,0.00,25.5,311,9.2,0.0,---,216,-60,11,34,14,260,484,553,-10,41.83688940,-71.37684680
1,3220.0,0.0,00:10:26.0,00:01:51.3,4.49,00:00:00.0,0.00,27.5,312,10.9,0.0,---,221,-59,11,32,14,258,482,574,-9,41.83679160,-71.37685720
1,3229.5,0.0,00:10:28.0,00:01:48.6,4.60,00:00:00.0,0.00,28.5,313,9.5,0.0,---,227,-59,10,32,14,264,478,546,-12,41.83670630,-71.37686490
1,3240.1,0.0,00:10:30.2,00:01:46.8,4.68,00:00:00.0,0.00,28.5,314,10.6,0.0,---,236,-58,8,33,16,269,495,561,-10,41.83661160,-71.37687320
1,3250.0,0.0,00:10:32.5,00:01:43.7,4.82,00:00:00.0,0.00,29.5,315,9.9,0.0,---,223,-57,7,33,16,230,450,499,-9,41.83652320,-71.37688120
1,3259.0,0.0,00:10:34.1,00:01:42.8,4.86,00:00:00.0,0.00,32.0,316,9.0,0.0,---,348,-58,6,32,12,339,648,722,-13,41.83644230,-71.37688750
1,3267.5,0.0,00:10:35.7,00:01:41.2,4.94,00:00:00.0,0.00,35.0,317,8.5,0.0,---,375,-58,7,33,14,329,615,684,-14,41.83636600,-71.37689150
1,3277.2,0.0,00:10:37.4,00:01:35.4,5.24,00:00:00.0,0.00,35.0,318,9.7,0.0,---,385,-57,5,32,13,335,636,718,-11,41.83627930,-71.37690050
1,3286.3,0.0,00:10:39.0,00:01:31.7,5.45,00:00:00.0,0.00,37.0,319,9.2,0.0,---,391,-58,6,32,13,340,638,721,-14,41.83619700,-71.37690720
1,3295.4,0.0,00:10:40.7,00:01:29.7,5.57,00:00:00.0,0.00,37.0,320,9.0,0.0,---,372,-58,8,33,14,330,587,663,-13,41.83611610,-71.37691560
1,3304.8,0.0,00:10:42.2,00:01:27.7,5.70,00:00:00.0,0.00,37.5,321,9.5,0.0,---,384,-57,5,34,14,319,607,694,-12,41.83603100,-71.37691940
1,3314.4,0.0,00:10:43.8,00:01:26.5,5.78,00:00:00.0,0.00,38.5,322,9.5,0.0,---,380,-58,7,33,13,304,597,678,-11,41.83594530,-71.37692330
1,3324.1,0.0,00:10:45.4,00:01:25.1,5.87,00:00:00.0,0.00,37.5,323,9.7,0.0,---,372,-58,6,34,15,295,580,652,-12,41.83585840,-71.37692630
1,3333.8,0.0,00:10:47.1,00:01:24.0,5.95,00:00:00.0,0.00,38.0,324,9.7,0.0,---,367,-55,5,34,14,311,569,667,-10,41.83577110,-71.37693080
1,3343.5,0.0,00:10:48.6,00:01:23.7,5.97,00:00:00.0,0.00,39.0,325,9.7,0.0,---,378,-58,5,33,15,315,597,667,-12,41.83568380,-71.37693680
1,3352.2,0.0,00:10:50.0,00:01:23.1,6.01,00:00:00.0,0.00,39.0,326,8.7,0.0,---,373,-57,6,34,14,282,575,653,-10,41.83560580,-71.37694300
1,3362.1,0.0,00:10:51.6,00:01:22.6,6.05,00:00:00.0,0.00,37.0,327,9.9,0.0,---,375,-58,5,33,14,321,593,639,-13,41.83551730,-71.37695000
1,3371.8,0.0,00:10:53.5,00:01:22.6,6.05,00:00:00.0,0.00,37.5,328,9.8,0.0,---,316,-59,11,33,13,273,503,578,-13,41.83543000,-71.37695920
1,3381.5,0.0,00:10:54.8,00:01:21.6,6.12,00:00:00.0,0.00,38.5,329,9.6,0.0,---,343,-59,9,33,13,297,556,618,-9,41.83534380,-71.37696950
1,3390.2,0.0,00:10:56.5,00:01:22.5,6.06,00:00:00.0,0.00,37.0,330,8.7,0.0,---,324,-58,8,34,14,275,515,605,-10,41.83526620,-71.37697880
1,3400.8,0.0,00:10:58.0,00:01:21.9,6.10,00:00:00.0,0.00,37.0,331,10.6,0.0,---,321,-57,6,33,12,265,520,598,-11,41.83517130,-71.37699200
1,3409.3,0.0,00:10:59.6,00:01:21.9,6.10,00:00:00.0,0.00,37.5,332,8.5,0.0,---,320,-57,7,33,15,269,499,574,-11,41.83509470,-71.37699800
1,3419.8,0.0,00:11:01.2,00:01:22.6,6.05,00:00:00.0,0.00,38.0,333,10.5,0.0,---,334,-58,7,34,15,292,544,621,-11,41.83500100,-71.37700810
1,3429.3,0.0,00:11:02.8,00:01:23.8,5.96,00:00:00.0,0.00,37.0,334,9.5,0.0,---,319,-58,8,33,17,284,507,630,-11,41.83491570,-71.37701670
1,3438.7,0.0,00:11:04.4,00:01:24.4,5.92,00:00:00.0,0.00,37.0,335,9.4,0.0,---,315,-58,7,33,13,276,521,578,-13,41.83483140,-71.37702350
1,3448.2,0.0,00:11:06.0,00:01:24.4,5.92,00:00:00.0,0.00,35.5,336,9.5,0.0,---,326,-58,7,33,14,276,534,608,-10,41.83474600,-71.37703250
1,3458.6,0.0,00:11:07.8,00:01:25.9,5.82,00:00:00.0,0.00,36.5,337,10.4,0.0,---,288,-58,8,33,15,244,482,542,-13,41.83465290,-71.37704440
1,3469.1,0.0,00:11:09.6,00:01:26.2,5.80,00:00:00.0,0.00,33.5,338,10.4,0.0,---,179,-57,10,33,18,171,332,378,-11,41.83455950,-71.37705350
1,3478.8,0.0,00:11:11.6,00:01:27.8,5.69,00:00:00.0,0.00,29.5,339,9.7,0.0,---,150,-56,11,33,17,155,306,346,-2,41.83447250,-71.37706160
1,3489.9,0.0,00:11:13.6,00:01:31.4,5.47,00:00:00.0,0.00,29.5,340,11.1,0.0,---,188,-58,10,32,16,194,386,450,-11,41.83437310,-71.37707150
1,3499.7,0.0,00:11:15.6,00:01:37.8,5.11,00:00:00.0,0.00,29.5,341,9.8,0.0,---,173,-57,10,34,18,181,361,428,-9,41.83428490,-71.37707900
1,3508.8,0.0,00:11:17.6,00:01:42.8,4.86,00:00:00.0,0.00,29.5,342,9.1,0.0,---,224,-59,9,33,15,233,457,546,-9,41.83420330,-71.37708620
1,3520.1,0.0,00:11:19.9,00:01:42.4,4.88,00:00:00.0,0.00,28.5,343,11.3,0.0,---,247,-59,9,35,14,256,497,562,-9,41.83410240,-71.37709440
1,3528.9,0.0,00:11:21.6,00:01:43.7,4.82,00:00:00.0,0.00,32.0,344,8.8,0.0,---,215,-57,6,32,10,195,417,432,-3,41.83402320,-71.37709990
1,3536.8,0.0,00:11:23.5,00:01:44.8,4.77,00:00:00.0,0.00,32.0,345,7.9,0.0,---,275,-53,7,33,13,265,496,559,-8,41.83395190,-71.37710670
1,3546.6,0.0,00:11:25.2,00:01:41.2,4.94,00:00:00.0,0.00,33.5,346,9.7,0.0,---,269,-56,9,32,13,268,458,543,-10,41.83386480,-71.37711820
1,3555.8,0.0,00:11:27.0,00:01:38.2,5.09,00:00:00.0,0.00,33.5,347,9.2,0.0,---,249,-57,8,35,15,239,457,496,-7,41.83378230,-71.37712890
1,3565.2,0.0,00:11:28.8,00:01:37.2,5.14,00:00:00.0,0.00,32.0,348,9.4,0.0,---,227,-56,13,32,11,218,395,463,-7,41.83369850,-71.37713930
1,3574.3,0.0,00:11:30.6,00:01:37.4,5.13,00:00:00.0,0.00,33.5,349,9.1,0.0,---,241,-59,11,33,12,227,444,521,-9,41.83361700,-71.37715150
1,3582.9,0.0,00:11:32.5,00:01:37.2,5.14,00:00:00.0,0.00,34.0,350,8.6,0.0,---,283,-57,8,34,15,274,499,586,-11,41.83354010,-71.37716110
1,3592.7,0.0,00:11:34.0,00:01:32.7,5.39,00:00:00.0,0.00,35.0,351,9.8,0.0,---,273,-57,9,34,15,257,459,553,-11,41.83345270,-71.37717720
1,3601.7,0.0,00:11:35.7,00:01:30.5,5.52,00:00:00.0,0.00,35.0,352,9.0,0.0,---,314,-58,7,34,14,278,538,636,-11,41.83337240,-71.37718820
1,3611.9,0.0,00:11:37.4,00:01:29.6,5.58,00:00:00.0,0.00,37.0,353,10.1,0.0,---,340,-58,6,34,14,294,561,628,-10,41.83328170,-71.37720030
1,3622.3,0.0,00:11:39.3,00:01:27.7,5.70,00:00:00.0,0.00,35.0,354,10.4,0.0,---,344,-58,6,34,13,296,571,666,-11,41.83318870,-71.37721180
1,3631.8,0.0,00:11:40.8,00:01:26.3,5.79,00:00:00.0,0.00,35.5,355,9.5,0.0,---,328,-58,6,35,16,294,542,629,-11,41.83310400,-71.37722450
1,3641.4,0.0,00:11:42.4,00:01:25.4,5.85,00:00:00.0,0.00,36.5,356,9.7,0.0,---,299,-57,7,33,17,260,491,604,-11,41.83301730,-71.37723620
1,3651.2,0.0,00:11:44.0,00:01:24.4,5.92,00:00:00.0,0.00,37.0,357,9.8,0.0,---,360,-57,6,34,15,316,579,687,-13,41.83293010,-71.37724710
1,3661.7,0.0,00:11:45.9,00:01:23.6,5.98,00:00:00.0,0.00,35.5,358,10.5,0.0,---,300,-57,8,34,15,262,495,568,-10,41.83283660,-71.37726190
1,3670.0,0.0,00:11:47.5,00:01:24.0,5.95,00:00:00.0,0.00,37.0,359,8.3,0.0,---,318,-57,6,33,15,277,529,587,-15,41.83276230,-71.37727470
1,3680.4,0.0,00:11:49.0,00:01:23.0,6.02,00:00:00.0,0.00,36.5,360,10.4,0.0,---,337,-57,6,33,14,292,550,621,-13,41.83267000,-71.37729660
1,3689.1,0.0,00:11:50.6,00:01:23.4,5.99,00:00:00.0,0.00,37.0,361,8.6,0.0,---,320,-57,6,34,15,278,519,578,-12,41.83259350,-71.37731440
1,3699.5,0.0,00:11:52.3,00:01:23.6,5.98,00:00:00.0,0.00,37.0,362,10.4,0.0,---,328,-57,6,34,16,287,538,618,-13,41.83250220,-71.37734090
1,3710.2,0.0,00:11:54.0,00:01:23.7,5.97,00:00:00.0,0.00,35.5,363,10.7,0.0,---,332,-58,6,34,15,280,549,638,-14,41.83240880,-71.37736970
1,3719.7,0.0,00:11:55.6,00:01:24.7,5.90,00:00:00.0,0.00,37.0,364,9.6,0.0,---,328,-58,6,34,16,277,532,614,-11,41.83232580,-71.37740000
1,3729.3,0.0,00:11:57.2,00:01:24.4,5.92,00:00:00.0,0.00,36.5,365,9.6,0.0,---,337,-58,7,34,15,288,549,624,-16,41.83224340,-71.37743200
1,3738.9,0.0,00:11:58.9,00:01:25.0,5.88,00:00:00.0,0.00,37.0,366,9.6,0.0,---,313,-58,7,34,15,263,521,598,-10,41.83215990,-71.37746310
1,3749.6,0.0,00:12:00.6,00:01:25.3,5.86,00:00:00.0,0.00,33.5,367,10.6,0.0,---,149,-59,13,34,20,138,285,310,-12,41.83206820,-71.37749890
1,3759.8,0.0,00:12:02.6,00:01:27.1,5.74,00:00:00.0,0.00,29.5,368,10.2,0.0,---,131,-57,16,32,20,136,270,307,-8,41.83197990,-71.37753350
1,3771.9,0.0,00:12:04.9,00:01:31.2,5.48,00:00:00.0,0.00,28.5,369,12.1,0.0,---,111,-56,18,33,22,128,232,254,-14,41.83187570,-71.37757460
1,3781.7,0.0,00:12:06.8,00:01:38.0,5.10,00:00:00.0,0.00,28.5,370,9.8,0.0,---,143,-57,12,32,19,165,306,336,-11,41.83179220,-71.37761380
1,3791.9,0.0,00:12:09.0,00:01:44.8,4.77,00:00:00.0,0.00,27.5,371,10.2,0.0,---,136,-56,11,33,20,164,301,340,-11,41.83170640,-71.37765540
1,3801.7,0.0,00:12:11.5,00:01:49.1,4.58,00:00:00.0,0.00,28.5,372,9.8,0.0,---,153,-57,13,33,18,180,326,382,-9,41.83162330,-71.37769560
1,3810.8,0.0,00:12:13.2,00:01:50.8,4.51,00:00:00.0,0.00,28.5,373,9.1,0.0,---,268,-59,7,34,14,284,544,609,-9,41.83154670,-71.37773470
1,3819.8,0.0,00:12:15.0,00:01:49.4,4.57,00:00:00.0,0.00,32.0,374,8.9,0.0,---,282,-57,6,33,14,260,507,599,-11,41.83147140,-71.37777130
1,3829.0,0.0,00:12:16.8,00:01:42.2,4.89,00:00:00.0,0.00,34.0,375,9.3,0.0,---,310,-57,7,34,14,285,521,612,-12,41.83139430,-71.37781320
1,3837.8,0.0,00:12:18.5,00:01:35.9,5.21,00:00:00.0,0.00,35.0,376,8.8,0.0,---,308,-58,6,33,14,276,515,584,-13,41.83131950,-71.37784820
1,3847.9,0.0,00:12:20.5,00:01:32.2,5.42,00:00:00.0,0.00,35.5,377,10.1,0.0,---,288,-57,7,33,16,256,481,572,-12,41.83123440,-71.37789070
1,3857.1,0.0,00:12:21.8,00:01:29.6,5.58,00:00:00.0,0.00,36.5,378,9.2,0.0,---,317,-58,7,33,15,287,523,616,-12,41.83115810,-71.37793240
1,3865.5,0.0,00:12:23.5,00:01:28.3,5.66,00:00:00.0,0.00,35.5,379,8.4,0.0,---,297,-58,8,34,14,261,502,571,-12,41.83108780,-71.37796840
1,3876.6,0.0,00:12:25.3,00:01:25.7,5.83,00:00:00.0,0.00,37.0,380,11.1,0.0,---,278,-57,7,34,14,237,465,546,-13,41.83099510,-71.37801830
1,3886.0,0.0,00:12:26.8,00:01:25.6,5.84,00:00:00.0,0.00,35.5,381,9.4,0.0,---,289,-59,9,34,15,251,463,519,-14,41.83091750,-71.37806200
1,3895.4,0.0,00:12:28.4,00:01:25.7,5.83,00:00:00.0,0.00,37.0,382,9.5,0.0,---,318,-58,7,34,14,279,528,615,-10,41.83083940,-71.37810660
1,3904.8,0.0,00:12:30.0,00:01:25.7,5.83,00:00:00.0,0.00,37.0,383,9.4,0.0,---,332,-58,7,34,15,296,541,623,-12,41.83076180,-71.37814990
1,3915.2,0.0,00:12:31.9,00:01:26.3,5.79,00:00:00.0,0.00,35.0,384,10.5,0.0,---,304,-58,7,34,14,257,515,569,-12,41.83067410,-71.37819520
1,3924.7,0.0,00:12:33.4,00:01:25.9,5.82,00:00:00.0,0.00,37.0,385,9.5,0.0,---,290,-58,9,34,15,232,475,543,-12,41.83059540,-71.37823920
1,3934.3,0.0,00:12:35.0,00:01:25.4,5.85,00:00:00.0,0.00,35.5,386,9.5,0.0,---,328,-58,7,34,15,282,542,591,-15,41.83051520,-71.37827960
1,3944.6,0.0,00:12:36.8,00:01:26.3,5.79,00:00:00.0,0.00,36.5,387,10.3,0.0,---,321,-58,7,34,16,262,521,587,-12,41.83042910,-71.37832650
1,3953.3,0.0,00:12:38.5,00:01:26.3,5.79,00:00:00.0,0.00,37.0,388,8.7,0.0,---,304,-58,7,35,15,261,509,560,-14,41.83035670,-71.37836490
1,3964.0,0.0,00:12:40.0,00:01:23.1,6.01,00:00:00.0,0.00,35.5,389,10.7,0.0,---,300,-57,8,34,16,246,493,550,-11,41.83026720,-71.37841270
1,3972.8,0.0,00:12:41.6,00:01:22.7,6.04,00:00:00.0,0.00,36.5,390,8.8,0.0,---,293,-58,7,34,15,251,490,545,-14,41.83019370,-71.37845120
1,3983.5,0.0,00:12:43.2,00:01:22.3,6.07,00:00:00.0,0.00,36.0,391,10.7,0.0,---,301,-58,8,35,16,255,492,566,-12,41.83010370,-71.37849720
1,3994.1,0.0,00:12:45.1,00:01:22.5,6.06,00:00:00.0,0.00,36.5,392,10.6,0.0,---,294,-59,8,34,17,227,480,536,-11,41.83001460,-71.37854350
1,4003.7,0.0,00:12:46.6,00:01:23.8,5.96,00:00:00.0,0.00,37.0,393,9.5,0.0,---,267,-58,9,35,16,232,439,494,-13,41.82993490,-71.37858580
1,4013.3,0.0,00:12:48.2,00:01:24.7,5.90,00:00:00.0,0.00,37.0,394,9.7,0.0,---,280,-58,8,34,16,235,465,548,-12,41.82985400,-71.37862770
1,4022.8,0.0,00:12:49.8,00:01:24.7,5.90,00:00:00.0,0.00,35.0,395,9.5,0.0,---,282,-58,8,33,15,234,462,526,-10,41.82977440,-71.37866880
1,4033.4,0.0,00:12:51.7,00:01:25.0,5.88,00:00:00.0,0.00,37.0,396,10.6,0.0,---,191,-58,8,33,20,166,329,377,-16,41.82968630,-71.37871570
1,4044.6,0.0,00:12:53.7,00:01:26.8,5.76,00:00:00.0,0.00,31.0,397,11.2,0.0,---,37,-51,---,35,---,37,75,95,-3,41.82959320,-71.37876670
1,4055.4,0.0,00:12:55.8,00:01:30.5,5.52,00:00:00.0,0.00,28.5,398,10.8,0.0,---,32,-48,---,31,---,41,72,95,-2,41.82950190,-71.37881160
1,4064.7,0.0,00:12:58.1,00:01:42.8,4.86,00:00:00.0,0.00,26.5,399,9.3,0.0,---,30,-49,---,33,---,39,73,97,-4,41.82942230,-71.37884500
1,4074.1,0.0,00:13:00.4,00:02:00.1,4.16,00:00:00.0,0.00,24.5,400,9.4,0.0,---,33,-50,---,33,---,44,82,100,-8,41.82934080,-71.37887540
1,4082.1,0.0,00:13:03.0,00:02:15.8,3.68,00:00:00.0,0.00,24.5,401,8.0,0.0,---,45,-50,47,33,28,63,112,152,0,41.82927180,-71.37890360
1,4089.4,0.0,00:13:05.5,00:02:34.3,3.24,00:00:00.0,0.00,22.5,402,7.3,0.0,---,54,-54,29,32,29,82,149,162,-5,41.82921040,-71.37893500
1,4100.1,0.0,00:13:08.5,00:02:31.9,3.29,00:00:00.0,0.00,22.0,403,10.7,0.0,---,49,-52,32,32,32,77,133,150,-9,41.82912020,-71.37897950
1,4109.8,0.0,00:13:11.1,00:02:24.9,3.45,00:00:00.0,0.00,21.0,404,9.7,0.0,---,43,-52,52,32,30,68,123,142,0,41.82904060,-71.37902610
1,4120.0,0.0,00:13:13.8,00:02:31.5,3.30,00:00:00.0,0.00,20.5,405,10.2,0.0,---,42,-52,40,33,31,68,121,158,-4,41.82895610,-71.37907360
1,4130.3,0.0,00:13:16.9,00:02:32.9,3.27,00:00:00.0,0.00,21.0,406,10.3,0.0,---,48,-50,32,33,26,81,137,169,-3,41.82887200,-71.37912400
1,4140.6,0.0,00:13:19.8,00:02:33.3,3.26,00:00:00.0,0.00,19.5,407,10.3,0.0,---,74,-55,21,32,20,122,224,262,-6,41.82878710,-71.37917400
1,4151.1,0.0,00:13:22.9,00:02:31.5,3.30,00:00:00.0,0.00,20.0,408,10.5,0.0,---,79,-54,18,33,20,126,239,272,-14,41.82869980,-71.37922310
1,4162.3,0.0,00:13:25.8,00:02:25.3,3.44,00:00:00.0,0.00,20.0,409,11.2,0.0,---,71,-55,27,33,20,111,211,271,-5,41.82860810,-71.37927720
1,4172.7,0.0,00:13:28.6,00:02:20.4,3.56,00:00:00.0,0.00,20.5,410,10.4,0.0,---,81,-55,18,33,21,122,239,269,-12,41.82852230,-71.37932730
1,4183.6,0.0,00:13:31.6,00:02:20.0,3.57,00:00:00.0,0.00,20.0,411,11.0,0.0,---,73,-55,23,33,21,115,213,255,-4,41.82843220,-71.37938070
1,4194.7,0.0,00:13:34.6,00:02:18.8,3.60,00:00:00.0,0.00,20.5,412,11.1,0.0,---,78,-55,22,32,19,127,233,278,-3,41.82834220,-71.37943770
1,4205.7,0.0,00:13:37.6,00:02:16.9,3.65,00:00:00.0,0.00,20.0,413,11.0,0.0,---,74,-56,22,33,21,121,227,273,-2,41.82825350,-71.37949640
1,4216.9,0.0,00:13:40.7,00:02:16.2,3.67,00:00:00.0,0.00,19.5,414,11.1,0.0,---,80,-56,20,34,21,135,241,271,-12,41.82816280,-71.37955320
1,4228.8,0.0,00:13:43.8,00:02:16.9,3.65,00:00:00.0,0.00,19.0,415,11.9,0.0,---,84,-56,19,32,18,143,264,297,-8,41.82806680,-71.37961690
1,4241.7,0.0,00:13:47.5,00:02:15.8,3.68,00:00:00.0,0.00,18.5,416,12.9,0.0,---,74,-55,24,34,19,126,241,294,-6,41.82796250,-71.37968390
1,4253.3,0.0,00:13:50.5,00:02:14.0,3.73,00:00:00.0,0.00,18.5,417,11.6,0.0,---,76,-55,21,33,18,133,246,288,-6,41.82786950,-71.37974820
1,4265.0,0.0,00:13:53.5,00:02:12.2,3.78,00:00:00.0,0.00,19.0,418,11.7,0.0,---,83,-55,18,32,18,141,263,294,-8,41.82777570,-71.37981070
1,4277.4,0.0,00:13:56.6,00:02:09.8,3.85,00:00:00.0,0.00,19.0,419,12.4,0.0,---,84,-55,17,33,20,138,269,310,-3,41.82767570,-71.37987680
1,4290.1,0.0,00:13:59.7,00:02:06.5,3.95,00:00:00.0,0.00,19.5,420,12.7,0.0,---,80,-58,24,32,18,123,250,304,-5,41.82757480,-71.37994910
1,4302.7,0.0,00:14:02.9,00:02:04.6,4.01,00:00:00.0,0.00,19.0,421,12.6,0.0,---,86,-56,19,33,20,137,261,302,-7,41.82747600,-71.38002220
1,4314.6,0.0,00:14:05.8,00:02:06.2,3.96,00:00:00.0,0.00,19.5,422,11.9,0.0,---,98,-56,16,32,18,163,303,342,-8,41.82738390,-71.38009440
1,4327.3,0.0,00:14:09.1,00:02:05.9,3.97,00:00:00.0,0.00,19.5,423,12.7,0.0,---,94,-57,18,32,17,155,293,324,-8,41.82728600,-71.38017320
1,4339.2,0.0,00:14:12.0,00:02:05.9,3.97,00:00:00.0,0.00,19.0,424,11.9,0.0,---,71,-54,23,32,17,109,227,284,-3,41.82719520,-71.38024970
1,4352.0,0.0,00:14:15.3,00:02:06.5,3.95,00:00:00.0,0.00,19.0,425,12.8,0.0,---,90,-56,20,33,18,148,279,310,-8,41.82709750,-71.38033180
1,4365.1,0.0,00:14:18.4,00:02:05.9,3.97,00:00:00.0,0.00,19.5,426,13.1,0.0,---,73,-56,19,32,20,120,236,260,-7,41.82699620,-71.38041270
1,4377.4,0.0,00:14:21.4,00:02:04.3,4.02,00:00:00.0,0.00,19.5,427,12.3,0.0,---,74,-54,24,32,19,119,222,277,-5,41.82689980,-71.38048510
1,---,---,---,---,---,---,---,---,427,---,---,---,---,1,---,11,---,-4,---,8,6,---,---
